{"graph_0": {"_type": "graph-file", "path": "media/graph/graph_0_summary_247ec9a1.graph.json", "sha256": "247ec9a1e1eb1e242e0c44ccb3d9b9faba7a63a22224dbb0ebfa860c97396b67", "size": 21053}, "epoch": 2.1967213114754074, "train_loss": 0.3023888170719147, "raw_loss": 0.16157595813274384, "wd_0": 0.01, "sqr_mom_0": 0.99, "lr_0": 0.0001, "mom_0": 0.95, "eps_0": 1e-06, "beta_0": 0.0, "wd_1": 0.01, "sqr_mom_1": 0.99, "lr_1": 0.0001, "mom_1": 0.95, "eps_1": 1e-06, "beta_1": 0.0, "wd_2": 0.01, "sqr_mom_2": 0.99, "lr_2": 0.001, "mom_2": 0.95, "eps_2": 1e-06, "beta_2": 0.0, "_runtime": 3858, "_timestamp": 1616170654, "_step": 133, "valid_loss": null, "acc_camvid": null}